dopant,concentration,Tc,Th,Tmit,Hysteresis_Width,Resistance Ratio,Distance,Selected,Within_Tmit,Within_Hyst
Sc,0.20%,42.46492985971944,48.236472945891784,45.35070140280561,5.771543086172343,51.41892711560517,294.2671153073935,True,False,True
Sc,0.40%,43.90781563126253,49.67935871743487,46.7935871743487,5.771543086172343,48.528135329530556,254.07450563915916,True,False,True
Sc,0.60%,41.743486973947896,49.498997995991985,45.62124248496994,7.7555110220440895,40.63428600931976,206.74868584277812,True,False,True
Sc,0.80%,41.563126252505015,48.0561122244489,44.809619238476955,6.492985971943888,43.96112258476706,231.8051769030922,True,False,True
Sc,1.00%,40.66132264529058,47.15430861723447,43.90781563126252,6.492985971943888,41.0840261130783,260.0159069804816,True,False,True
Sc,1.20%,38.31663326653307,44.809619238476955,41.563126252505015,6.492985971943888,45.212222721016076,340.97582280411257,True,False,True
Sc,1.40%,39.21843687374749,45.5310621242485,42.374749498998,6.312625250501007,46.46202792599622,314.60041376399516,True,False,True
Sc,1.60%,38.13627254509018,44.98997995991984,41.563126252505015,6.853707414829664,42.491812983217095,339.94875279176665,True,False,True
Sc,1.80%,37.77555110220441,44.2685370741483,41.02204408817636,6.492985971943888,44.523169531401194,361.22031981416467,True,False,True
Sc,2.00%,35.97194388777555,40.120240480961925,38.04609218436874,4.148296593186373,25.357614183388183,16408.631780998403,True,False,False
Sc,2.20%,35.611222444889776,38.677354709418836,37.144288577154306,3.0661322645290596,15.493547048546748,149891.86384851014,True,False,False
Sc,2.40%,36.15230460921844,39.57915831663327,37.86573146292585,3.4268537074148284,16.851468077055706,76249.94383694758,True,False,False
Sc,2.60%,35.611222444889776,38.677354709418836,37.144288577154306,3.0661322645290596,15.455137295156504,149891.86384851014,True,False,False
Sc,2.80%,35.430861723446895,38.857715430861724,37.14428857715431,3.4268537074148284,16.227414391279403,76282.40153792067,True,False,False
Sc,3.00%,38.677354709418836,44.448897795591186,41.563126252505015,5.7715430861723505,52.11495429587018,419.58347949869926,True,False,True
Sc,3.20%,37.9559118236473,43.36673346693387,40.66132264529058,5.410821643286575,52.397067722673526,736.8987945007993,True,False,True
Sc,3.40%,38.13627254509018,43.90781563126253,41.02204408817636,5.7715430861723505,50.034102765719915,439.82797650875136,True,False,True
Sc,3.60%,38.677354709418836,44.448897795591186,41.563126252505015,5.7715430861723505,46.84933784482657,419.58347949869926,True,False,True
Sc,3.80%,38.13627254509018,44.2685370741483,41.20240480961924,6.132264529058119,53.94295535794035,365.59622294286635,True,False,True
Sc,4.00%,39.939879759519044,46.97394789579159,43.45691382765531,7.034068136272545,55.09765611145951,273.6759212628039,True,False,True
Sc,4.20%,39.57915831663327,46.432865731462925,43.0060120240481,6.853707414829657,61.84472629485011,288.8260665374947,True,False,True
Sc,4.40%,39.39879759519039,45.89178356713427,42.64529058116233,6.492985971943881,58.18914039532638,302.2434482353358,True,False,True
Sc,4.60%,39.57915831663327,46.432865731462925,43.0060120240481,6.853707414829657,55.82466672048392,288.8260665374947,True,False,True
Sc,4.80%,39.57915831663327,46.432865731462925,43.0060120240481,6.853707414829657,58.58260627909298,288.8260665374947,True,False,True
Sc,5.00%,36.6933867735471,40.30060120240481,38.496993987975955,3.6072144288577164,51.49348321451376,53195.546294700594,True,False,False
Ti,0.20%,39.57915831663327,44.08817635270541,41.83366733466934,4.509018036072142,58.6135464797156,6734.886146188421,True,False,False
Ti,0.40%,40.84168336673347,44.809619238476955,42.82565130260521,3.967935871743485,71.21311975443918,24517.997917599852,True,False,False
Ti,0.60%,39.57915831663327,44.08817635270541,41.83366733466934,4.509018036072142,55.880664180650214,6734.886146188421,True,False,False
Ti,0.80%,39.03807615230461,43.90781563126253,41.47294589178357,4.869739478957918,65.04231176528799,2634.0673324843556,True,False,False
Ti,1.00%,38.31663326653307,43.72745490981964,41.02204408817636,5.410821643286575,49.237086241365105,723.0771632623704,True,False,True
Ti,1.20%,36.873747494989985,41.02204408817636,38.94789579158317,4.148296593186373,49.07271668481885,16369.84880422321,True,False,False
Ti,1.40%,37.234468937875754,41.563126252505015,39.39879759519039,4.328657314629261,54.25906825176102,10656.05268401238,True,False,False
Ti,1.60%,36.6933867735471,40.84168336673347,38.76753507014028,4.148296593186373,51.3373050599214,16377.47527961889,True,False,False
Ti,1.80%,36.15230460921844,40.120240480961925,38.13627254509018,3.967935871743485,36.54650555850624,24701.062242642725,True,False,False
Ti,2.00%,35.07014028056112,37.41482965931864,36.24248496993988,2.344689378757522,16.635866876588185,499493.3674383901,True,False,False
Ti,2.20%,34.70941883767536,36.51302605210421,35.61122244488978,1.803607214428851,12.518757691781724,1109257.4756588254,True,False,False
Ti,2.40%,34.52905811623246,36.6933867735471,35.611222444889776,2.164328657314634,13.012431629178128,657514.9370737786,True,False,False
Ti,2.60%,34.70941883767536,36.6933867735471,35.701402805611224,1.983967935871739,13.341755835844841,857656.4006667848,True,False,False
Ti,2.80%,34.70941883767536,36.15230460921844,35.430861723446895,1.4428857715430823,12.73068856380123,1812469.7920052456,True,False,False
Ti,3.00%,37.41482965931864,40.84168336673347,39.12825651302606,3.4268537074148284,45.80280280249147,76195.64766946231,True,False,False
Ti,3.20%,36.6933867735471,39.03807615230461,37.86573146292585,2.344689378757515,27.374666853411842,499418.87376166333,True,False,False
Ti,3.40%,36.873747494989985,39.75951903807615,38.31663326653307,2.8857715430861646,37.63640247533435,205961.1401758267,True,False,False
Ti,3.60%,36.873747494989985,39.75951903807615,38.31663326653307,2.8857715430861646,40.73852697395207,205961.1401758267,True,False,False
Ti,3.80%,36.873747494989985,40.120240480961925,38.496993987975955,3.2464929859719405,34.43482684608557,107608.69107482185,True,False,False
Ti,4.00%,38.13627254509018,42.64529058116233,40.390781563126254,4.509018036072149,66.40752784328969,6789.391951385869,True,False,False
Ti,4.20%,37.77555110220441,41.38276553106213,39.57915831663327,3.6072144288577164,69.94459894268103,53150.17780220458,True,False,False
Ti,4.40%,37.59519038076152,41.20240480961924,39.39879759519038,3.6072144288577164,68.79684686426867,53157.576567671385,True,False,False
Ti,4.60%,37.9559118236473,41.92384769539078,39.939879759519044,3.967935871743485,65.01609525424475,24625.4480884827,True,False,False
Ti,4.80%,37.59519038076152,41.20240480961924,39.39879759519038,3.6072144288577164,70.12960242740722,53157.576567671385,True,False,False
Ti,5.00%,35.79158316633267,38.13627254509018,36.963927855711425,2.344689378757508,31.10123994492743,499459.6085378344,True,False,False
Ni,0.20%,42.46492985971944,46.61322645290581,44.53907815631263,4.148296593186373,59.15538295028507,16165.697816877777,True,False,False
Ni,0.40%,43.186372745490985,47.515030060120246,45.35070140280561,4.328657314629261,58.968349266911474,10446.24509287821,True,False,False
Ni,0.60%,42.28456913827655,46.61322645290581,44.44889779559118,4.328657314629261,52.054721414082096,10473.479923260416,True,False,False
Ni,0.80%,42.10420841683367,45.71142284569139,43.90781563126253,3.6072144288577164,59.76878405622337,52992.12542490489,True,False,False
Ni,1.00%,42.825651302605216,46.61322645290581,44.719438877755515,3.787575150300597,53.96785164539757,36313.066818368236,True,False,False
Ni,1.20%,39.57915831663327,43.72745490981964,41.653306613226455,4.148296593186373,57.77277435255303,16263.258870849448,True,False,False
Ni,1.40%,39.939879759519044,43.90781563126253,41.92384769539079,3.967935871743485,56.4039681476781,24549.786946559576,True,False,False
Ni,1.60%,39.03807615230461,43.36673346693387,41.20240480961924,4.328657314629261,50.32972569925325,10584.992728429874,True,False,False
Ni,1.80%,38.677354709418836,42.825651302605216,40.75150300601203,4.14829659318638,57.29211048945657,16297.162349148462,True,False,False
Ni,2.00%,37.234468937875754,40.84168336673347,39.03807615230461,3.6072144288577164,69.2186208331678,53172.56927854403,True,False,False
Ni,2.20%,37.054108216432866,39.21843687374749,38.13627254509018,2.164328657314627,67.72026695165903,657398.1471813757,True,False,False
Ni,2.40%,36.15230460921844,38.857715430861724,37.50501002004008,2.7054108216432837,61.66952606691572,279767.6147154778,True,False,False
Ni,2.60%,36.15230460921844,38.857715430861724,37.50501002004008,2.7054108216432837,60.46860609653945,279767.6147154778,True,False,False
Ni,2.80%,36.15230460921844,38.857715430861724,37.50501002004008,2.7054108216432837,63.587136679719336,279767.6147154778,True,False,False
Ni,3.00%,40.66132264529058,44.448897795591186,42.55511022044088,3.7875751503006043,63.91873814326914,36383.895449578,True,False,False
Ni,3.20%,39.57915831663327,43.72745490981964,41.653306613226455,4.148296593186373,65.61608499795399,16263.258870849448,True,False,False
Ni,3.40%,39.75951903807615,43.72745490981964,41.743486973947896,3.9679358717434923,59.15907856193267,24556.339932290168,True,False,False
Ni,3.60%,39.75951903807615,43.72745490981964,41.743486973947896,3.9679358717434923,56.369358605864576,24556.339932290168,True,False,False
Ni,3.80%,39.75951903807615,43.72745490981964,41.743486973947896,3.9679358717434923,61.88035127529141,24556.339932290168,True,False,False
Ni,4.00%,42.825651302605216,46.252505010020045,44.53907815631263,3.4268537074148284,58.59934383232403,75999.05809753288,True,False,False
Ni,4.20%,41.02204408817636,44.448897795591186,42.735470941883776,3.4268537074148284,64.44101847765461,76058.08195687481,True,False,False
Ni,4.40%,41.02204408817636,44.629258517034074,42.825651302605216,3.6072144288577164,62.87405022911006,53028.125280327156,True,False,False
Ni,4.60%,41.02204408817636,44.98997995991984,43.006012024048104,3.967935871743485,65.19794741768224,24511.835291746946,True,False,False
Ni,4.80%,40.84168336673347,44.448897795591186,42.64529058116233,3.6072144288577164,61.732865442645156,53034.35296615974,True,False,False
Ni,5.00%,38.496993987975955,41.02204408817636,39.75951903807616,2.525050100200403,74.55603708524622,375650.1652956202,True,False,False
Zn,0.20%,40.4809619238477,46.252505010020045,43.36673346693387,5.771543086172343,76.31961021721825,356.3307214776497,True,False,True
Zn,0.40%,41.92384769539078,48.0561122244489,44.98997995991984,6.132264529058119,63.013565921586284,237.54733960504836,True,False,True
Zn,0.60%,40.4809619238477,46.97394789579159,43.72745490981964,6.492985971943888,54.50244237779503,265.8532329349956,True,False,True
Zn,0.80%,40.120240480961925,45.5310621242485,42.82565130260521,5.410821643286575,63.96799646838939,657.8726058509546,True,False,True
Zn,1.00%,39.939879759519044,46.07214428857716,43.006012024048104,6.132264529058112,65.68165466423108,301.04226532823856,True,False,True
Zn,1.20%,37.59519038076152,43.547094188376754,40.571142284569135,5.951903807615231,66.95277730634264,410.47060512284384,True,False,True
Zn,1.40%,38.13627254509018,42.46492985971944,40.300601202404806,4.328657314629261,63.844922592695546,10619.709456475142,True,False,False
Zn,1.60%,37.59519038076152,41.743486973947896,39.66933867735471,4.148296593186373,53.31219559666567,16339.993502437272,True,False,False
Zn,1.80%,36.873747494989985,41.02204408817636,38.94789579158317,4.148296593186373,60.41348571482819,16369.84880422321,True,False,False
Zn,2.00%,35.611222444889776,38.677354709418836,37.144288577154306,3.0661322645290596,66.58896327035292,149891.86384851014,True,False,False
Zn,2.20%,34.88977955911824,37.234468937875754,36.062124248497,2.344689378757515,65.06820982160897,499501.9698134864,True,False,False
Zn,2.40%,35.430861723446895,37.9559118236473,36.6933867735471,2.525050100200403,60.7695496108193,375783.68644613767,True,False,False
Zn,2.60%,34.70941883767536,37.77555110220441,36.24248496993988,3.0661322645290525,55.00892100054163,149933.89982427118,True,False,False
Zn,2.80%,34.70941883767536,37.77555110220441,36.24248496993988,3.0661322645290525,61.895566109774556,149933.89982427118,True,False,False
Zn,3.00%,38.13627254509018,42.825651302605216,40.4809619238477,4.689378757515037,70.30528446955705,4275.195914028473,True,False,False
Zn,3.20%,37.054108216432866,41.02204408817636,39.03807615230461,3.9679358717434923,66.35709524811755,24662.441915816336,True,False,False
Zn,3.40%,37.9559118236473,43.547094188376754,40.75150300601203,5.591182364729455,60.57340205362348,546.7491108774703,True,False,True
Zn,3.60%,37.77555110220441,43.547094188376754,40.66132264529058,5.771543086172343,56.0705299332498,453.6496077471829,True,False,True
Zn,3.80%,37.77555110220441,41.92384769539078,39.8496993987976,4.148296593186373,61.93422699738977,16332.692326939985,True,False,False
Zn,4.00%,39.939879759519044,45.5310621242485,42.735470941883776,5.591182364729455,76.03909207257418,474.3084379484459,True,False,True
Zn,4.20%,38.31663326653307,44.2685370741483,41.292585170340686,5.951903807615231,72.38788294045301,382.95746260534355,True,False,True
Zn,4.40%,39.03807615230461,44.809619238476955,41.92384769539078,5.771543086172343,67.61245708288676,406.41244805706117,True,False,True
Zn,4.60%,38.31663326653307,44.2685370741483,41.292585170340686,5.951903807615231,66.74573564344877,382.95746260534355,True,False,True
Zn,4.80%,38.31663326653307,44.08817635270541,41.20240480961924,5.771543086172343,69.15997197661727,433.014750859058,True,False,True
Zn,5.00%,35.79158316633267,38.31663326653307,37.054108216432866,2.5250501002003958,84.77875897676941,375767.0021757977,True,False,False
Zr,0.20%,39.03807615230461,43.72745490981964,41.38276553106213,4.68937875751503,71.94904685882784,4240.8044858816775,True,False,False
Zr,0.40%,40.4809619238477,44.629258517034074,42.55511022044089,4.148296593186373,64.49736954431758,16230.981892042133,True,False,False
Zr,0.60%,39.03807615230461,44.448897795591186,41.743486973947896,5.410821643286575,69.44781312220447,696.2146205416586,True,False,True
Zr,0.80%,38.857715430861724,43.72745490981964,41.292585170340686,4.869739478957918,62.426457392277854,2640.7829681645335,True,False,False
Zr,1.00%,38.857715430861724,43.90781563126253,41.38276553106213,5.050100200400806,61.90785156866614,1644.3380915417124,True,False,True
Zr,1.20%,36.6933867735471,40.84168336673347,38.76753507014028,4.148296593186373,60.08226822589241,16377.47527961889,True,False,False
Zr,1.40%,37.59519038076152,41.92384769539078,39.75951903807615,4.328657314629261,59.49500980820252,10641.320213058449,True,False,False
Zr,1.60%,36.873747494989985,40.4809619238477,38.67735470941884,3.6072144288577164,65.67346556999725,53187.82222933539,True,False,False
Zr,1.80%,36.51302605210421,39.939879759519044,38.22645290581163,3.4268537074148355,54.477633050845625,76234.10534633807,True,False,False
Zr,2.00%,35.07014028056112,37.59519038076152,36.33266533066132,2.525050100200403,36.02886276331587,375800.6309564007,True,False,False
Zr,2.20%,34.52905811623246,36.33266533066133,35.430861723446895,1.8036072144288653,17.33278776118219,1109266.305743823,True,False,False
Zr,2.40%,34.88977955911824,36.873747494989985,35.88176352705411,1.9839679358717461,22.078976518802936,857647.6681717258,True,False,False
Zr,2.60%,34.88977955911824,37.054108216432866,35.97194388777555,2.164328657314627,22.350729497177525,657497.4720836853,True,False,False
Zr,2.80%,34.52905811623246,36.6933867735471,35.611222444889776,2.164328657314634,20.339438543608416,657514.9370737786,True,False,False
Zr,3.00%,37.59519038076152,41.38276553106213,39.48897795591182,3.7875751503006043,53.220258381308426,36500.273295450104,True,False,False
Zr,3.20%,36.6933867735471,39.939879759519044,38.316633266533074,3.2464929859719476,60.20323324610548,107616.48020016529,True,False,False
Zr,3.40%,37.234468937875754,40.66132264529058,38.947895791583164,3.4268537074148284,57.53753938632511,76203.20908487831,True,False,False
Zr,3.60%,37.234468937875754,41.02204408817636,39.12825651302606,3.7875751503006043,61.69070426601056,36515.200946343066,True,False,False
Zr,3.80%,37.054108216432866,39.939879759519044,38.496993987975955,2.885771543086179,59.38377773408782,205953.35105047675,True,False,False
Zr,4.00%,38.857715430861724,43.72745490981964,41.292585170340686,4.869739478957918,62.22358078595899,2640.7829681645335,True,False,False
Zr,4.20%,37.77555110220441,42.10420841683367,39.939879759519044,4.328657314629261,71.80175338510145,10634.051567551001,True,False,False
Zr,4.40%,37.9559118236473,42.10420841683367,40.030060120240485,4.148296593186373,61.70640897506523,16325.456211422377,True,False,False
Zr,4.60%,38.13627254509018,42.28456913827655,40.210420841683366,4.148296593186373,65.46263150250533,16318.285155884447,True,False,False
Zr,4.80%,37.77555110220441,43.547094188376754,40.66132264529058,5.771543086172343,62.107175708874934,453.6496077471829,True,False,True
Zr,5.00%,35.430861723446895,37.9559118236473,36.6933867735471,2.525050100200403,59.950327020876394,375783.68644613767,True,False,False
Hf,0.20%,43.186372745490985,50.40080160320642,46.7935871743487,7.214428857715433,45.363454879010696,174.40938395128376,True,False,True
Hf,0.40%,44.629258517034074,50.941883767535074,47.785571142284574,6.312625250501,43.84457151691631,153.14323086111548,True,False,True
Hf,0.60%,43.186372745490985,50.04008016032064,46.61322645290581,6.853707414829657,44.20108213936766,179.23614521187753,True,False,True
Hf,0.80%,42.28456913827655,49.67935871743487,45.981963927855716,7.394789579158321,48.8855017021961,196.50533533495144,True,False,True
Hf,1.00%,43.547094188376754,50.04008016032064,46.7935871743487,6.492985971943888,36.24612745508522,175.46684894456988,True,False,True
Hf,1.20%,39.39879759519039,47.15430861723447,43.27655310621243,7.755511022044082,49.50910544971391,279.6736941760778,True,False,True
Hf,1.40%,41.02204408817636,48.0561122244489,44.53907815631263,7.034068136272545,49.47405772741864,239.04232541379127,True,False,True
Hf,1.60%,39.39879759519039,46.7935871743487,43.096192384769545,7.394789579158314,46.992480183144934,285.7387119077362,True,False,True
Hf,1.80%,39.75951903807615,46.61322645290581,43.186372745490985,6.853707414829664,51.14786029347852,282.7285006642652,True,False,True
Hf,2.00%,37.9559118236473,43.72745490981964,40.84168336673347,5.771543086172343,51.05272271253253,446.70626213812903,True,False,True
Hf,2.20%,36.6933867735471,41.38276553106213,39.03807615230461,4.68937875751503,52.79320680093436,4333.60531800685,True,False,False
Hf,2.40%,37.234468937875754,42.825651302605216,40.030060120240485,5.5911823647294625,51.27567022289261,575.0429731511106,True,False,True
Hf,2.60%,37.234468937875754,41.743486973947896,39.48897795591182,4.509018036072142,49.7298893137522,6825.572528974033,True,False,False
Hf,2.80%,36.6933867735471,40.84168336673347,38.76753507014028,4.148296593186373,54.824561242570056,16377.47527961889,True,False,False
Hf,3.00%,40.66132264529058,48.59719438877756,44.629258517034074,7.935871743486977,44.73664081162049,236.26099651209765,True,False,True
Hf,3.20%,39.75951903807615,46.252505010020045,43.0060120240481,6.492985971943895,50.41014085309817,289.85313654984054,True,False,True
Hf,3.40%,39.39879759519039,46.7935871743487,43.096192384769545,7.394789579158314,50.039271577077336,285.7387119077362,True,False,True
Hf,3.60%,40.120240480961925,47.15430861723447,43.637274549098194,7.034068136272545,49.716076737621385,267.74100533877163,True,False,True
Hf,3.80%,39.39879759519039,46.97394789579159,43.186372745490985,7.5751503006012015,49.39729624002828,282.6980614545856,True,False,True
Hf,4.00%,43.72745490981964,50.22044088176353,46.97394789579158,6.492985971943888,57.767904642926005,170.7355426445953,True,False,True
Hf,4.20%,41.38276553106213,48.77755511022044,45.08016032064128,7.394789579158314,58.2239378674656,222.6016160727799,True,False,True
Hf,4.40%,41.92384769539078,49.498997995991985,45.71142284569139,7.5751503006012015,58.54863122481504,204.16343709564728,True,False,True
Hf,4.60%,41.92384769539078,49.498997995991985,45.71142284569139,7.5751503006012015,58.0815621057464,204.16343709564728,True,False,True
Hf,4.80%,41.20240480961924,48.77755511022044,44.989979959919836,7.5751503006012015,58.16445973532545,225.30070160462543,True,False,True
Hf,5.00%,38.496993987975955,44.08817635270541,41.292585170340686,5.591182364729455,63.78801344840612,526.2118439588636,True,False,True
Pt,0.20%,39.39879759519039,44.629258517034074,42.01402805611223,5.230460921843687,54.163432019830076,1027.3795548914914,True,False,True
Pt,0.40%,40.66132264529058,46.252505010020045,43.45691382765531,5.5911823647294625,55.05009589213871,449.9181744555231,True,False,True
Pt,0.60%,39.57915831663327,44.98997995991984,42.28456913827655,5.410821643286575,47.87917918278141,676.7508432877521,True,False,True
Pt,0.80%,38.31663326653307,44.448897795591186,41.38276553106213,6.132264529058119,59.359775486090946,358.8480572728489,True,False,True
Pt,1.00%,38.677354709418836,44.2685370741483,41.47294589178357,5.5911823647294625,53.8889237811254,519.4962082786806,True,False,True
Pt,1.20%,36.33266533066133,40.30060120240481,38.316633266533074,3.967935871743485,48.10293009887936,24693.208057318167,True,False,False
Pt,1.40%,36.6933867735471,41.20240480961924,38.947895791583164,4.509018036072142,47.637698359463634,6848.061595283003,True,False,False
Pt,1.60%,36.6933867735471,41.563126252505015,39.12825651302606,4.869739478957918,49.77662604308164,2726.4452747416153,True,False,False
Pt,1.80%,36.33266533066133,40.4809619238477,38.406813627254515,4.148296593186373,56.82291143091021,16392.92341034929,True,False,False
Pt,2.00%,34.168336673346694,36.6933867735471,35.430861723446895,2.525050100200403,34.6336427229359,375844.1307817026,True,False,False
Pt,2.20%,33.987975951903806,35.611222444889776,34.79959919839679,1.6232464929859702,13.172708149592856,1423290.737482915,True,False,False
Pt,2.40%,34.168336673346694,36.15230460921844,35.16032064128257,1.9839679358717461,18.29391368557313,857682.9885118048,True,False,False
Pt,2.60%,34.168336673346694,36.33266533066133,35.250501002004015,2.164328657314634,25.910865817332407,657532.6623037978,True,False,False
Pt,2.80%,34.168336673346694,36.33266533066133,35.250501002004015,2.164328657314634,24.515627758588504,657532.6623037978,True,False,False
Pt,3.00%,36.6933867735471,41.02204408817636,38.85771543086173,4.328657314629261,53.43957415442821,10678.639340290869,True,False,False
Pt,3.20%,35.97194388777555,38.31663326653307,37.14428857715431,2.344689378757515,51.27989160692034,499451.3314626364,True,False,False
Pt,3.40%,36.33266533066133,39.939879759519044,38.136272545090186,3.6072144288577164,51.53087582100427,53211.189605370026,True,False,False
Pt,3.60%,37.234468937875754,41.20240480961924,39.21843687374749,3.967935871743485,51.03055912145386,24654.913030390566,True,False,False
Pt,3.80%,36.51302605210421,39.39879759519039,37.9559118236473,2.885771543086179,53.293401034597025,205976.91360645043,True,False,False
Pt,4.00%,38.13627254509018,42.64529058116233,40.390781563126254,4.509018036072149,64.05733117956586,6789.391951385869,True,False,False
Pt,4.20%,36.873747494989985,41.20240480961924,39.03807615230461,4.328657314629254,61.052342474059905,10671.04539488521,True,False,False
Pt,4.40%,37.77555110220441,41.92384769539078,39.8496993987976,4.148296593186373,60.36220256200012,16332.692326939985,True,False,False
Pt,4.60%,37.234468937875754,41.743486973947896,39.48897795591182,4.509018036072142,56.62573910865532,6825.572528974033,True,False,False
Pt,4.80%,36.873747494989985,41.38276553106213,39.12825651302606,4.509018036072142,66.30021730917788,6840.500179867001,True,False,False
Pt,5.00%,35.07014028056112,37.59519038076152,36.33266533066132,2.525050100200403,47.45108156147203,375800.6309564007,True,False,False
Sn,0.20%,41.02204408817636,45.17034068136273,43.096192384769545,4.148296593186373,44.878721641394385,16212.39642451389,True,False,False
Sn,0.40%,41.38276553106213,46.7935871743487,44.08817635270542,5.410821643286575,48.09111342172823,616.1004844538515,True,False,True
Sn,0.60%,40.30060120240481,45.35070140280561,42.82565130260521,5.050100200400799,53.53534502074514,1592.6949254500403,True,False,True
Sn,0.80%,40.30060120240481,44.98997995991984,42.64529058116233,4.68937875751503,48.31414906156762,4195.389005622562,True,False,False
Sn,1.00%,39.39879759519039,44.629258517034074,42.01402805611223,5.230460921843687,39.67714254336971,1027.3795548914914,True,False,True
Sn,1.20%,37.59519038076152,41.38276553106213,39.48897795591182,3.7875751503006043,42.80085033180409,36500.273295450104,True,False,False
Sn,1.40%,38.13627254509018,41.92384769539078,40.03006012024048,3.7875751503006043,47.1207844673734,36478.36976895824,True,False,False
Sn,1.60%,37.9559118236473,42.10420841683367,40.030060120240485,4.148296593186373,50.467889853408586,16325.456211422377,True,False,False
Sn,1.80%,36.873747494989985,41.563126252505015,39.2184368737475,4.68937875751503,44.83014961778783,4326.076432580687,True,False,False
Sn,2.00%,35.611222444889776,38.677354709418836,37.144288577154306,3.0661322645290596,45.35684330459126,149891.86384851014,True,False,False
Sn,2.20%,35.07014028056112,37.77555110220441,36.42284569138276,2.705410821643291,27.62306693677899,279817.47234656836,True,False,False
Sn,2.40%,35.250501002004015,38.13627254509018,36.6933867735471,2.8857715430861646,36.52443108585019,206034.17000301616,True,False,False
Sn,2.60%,35.611222444889776,38.13627254509018,36.87374749498998,2.525050100200403,28.72528024134813,375775.3117809757,True,False,False
Sn,2.80%,35.611222444889776,38.13627254509018,36.87374749498998,2.525050100200403,37.905128518686084,375775.3117809757,True,False,False
Sn,3.00%,38.13627254509018,42.825651302605216,40.4809619238477,4.689378757515037,48.176354437135835,4275.195914028473,True,False,False
Sn,3.20%,37.234468937875754,40.84168336673347,39.03807615230461,3.6072144288577164,49.00648955793249,53172.56927854403,True,False,False
Sn,3.40%,37.9559118236473,41.38276553106213,39.669338677354716,3.4268537074148284,52.075887712517186,76173.35378309237,True,False,False
Sn,3.60%,37.9559118236473,41.38276553106213,39.669338677354716,3.4268537074148284,58.031990414457496,76173.35378309237,True,False,False
Sn,3.80%,37.9559118236473,41.20240480961924,39.57915831663327,3.2464929859719405,53.38982252715139,107563.32258232584,True,False,False
Sn,4.00%,39.75951903807615,44.629258517034074,42.19438877755511,4.869739478957925,44.816329701783985,2607.8553895603823,True,False,False
Sn,4.20%,38.13627254509018,42.28456913827655,40.210420841683366,4.148296593186373,46.04267794472086,16318.285155884447,True,False,False
Sn,4.40%,38.496993987975955,43.72745490981964,41.1122244488978,5.230460921843687,49.89530576811896,1060.6324333939874,True,False,True
Sn,4.60%,38.677354709418836,43.72745490981964,41.20240480961924,5.050100200400806,55.37742388369969,1651.0862572117298,True,False,True
Sn,4.80%,38.677354709418836,42.64529058116233,40.66132264529058,3.9679358717434923,52.873387148212565,24597.024106249308,True,False,False
Sn,5.00%,36.15230460921844,38.677354709418836,37.41482965931864,2.5250501002003958,47.48156289510731,375750.5781453721,True,False,False
Nd,0.20%,41.563126252505015,46.61322645290581,44.08817635270542,5.050100200400799,55.70914897942784,1550.9228040529372,True,False,True
Nd,0.40%,42.10420841683367,47.15430861723447,44.629258517034074,5.050100200400799,52.197474179145345,1533.9963660065036,True,False,True
Nd,0.60%,41.38276553106213,46.61322645290581,43.99799599198397,5.230460921843687,52.17783282005695,959.9485003977344,True,False,True
Nd,0.80%,40.66132264529058,46.432865731462925,43.547094188376754,5.771543086172343,51.219985551023164,350.3632755637781,True,False,True
Nd,1.00%,40.4809619238477,44.809619238476955,42.64529058116233,4.328657314629254,34.31948731528474,10532.829082500923,True,False,False
Nd,1.20%,38.857715430861724,43.72745490981964,41.292585170340686,4.869739478957918,32.262266661478954,2640.7829681645335,True,False,False
Nd,1.40%,39.03807615230461,43.547094188376754,41.292585170340686,4.509018036072142,34.17014124124822,6754.837873289919,True,False,False
Nd,1.60%,38.496993987975955,42.28456913827655,40.390781563126254,3.787575150300597,33.553786708834785,36464.092717862615,True,False,False
Nd,1.80%,37.9559118236473,43.186372745490985,40.57114228456914,5.230460921843687,33.57937244478516,1081.3648802516304,True,False,True
Nd,2.00%,35.97194388777555,38.857715430861724,37.41482965931864,2.8857715430861717,22.62436948150013,206001.06170224375,True,False,False
Nd,2.20%,35.79158316633267,38.677354709418836,37.234468937875754,2.8857715430861646,16.52892714253697,206009.24118746922,True,False,False
Nd,2.40%,35.97194388777555,38.857715430861724,37.41482965931864,2.8857715430861717,20.190723895158595,206001.06170224375,True,False,False
Nd,2.60%,35.79158316633267,38.677354709418836,37.234468937875754,2.8857715430861646,17.41447008371764,206009.24118746922,True,False,False
Nd,2.80%,35.97194388777555,38.677354709418836,37.324649298597194,2.7054108216432837,17.592204243084485,279775.7616707109,True,False,False
Nd,3.00%,39.03807615230461,42.825651302605216,40.93186372745491,3.7875751503006043,34.24078258024886,36443.16509106538,True,False,False
Nd,3.20%,38.31663326653307,42.46492985971944,40.390781563126254,4.148296593186373,31.51743931979195,16311.179160326195,True,False,False
Nd,3.40%,38.677354709418836,43.0060120240481,40.84168336673346,4.328657314629261,36.54478787411972,10598.684239708944,True,False,False
Nd,3.60%,38.857715430861724,43.0060120240481,40.93186372745491,4.148296593186373,33.8880467926398,16290.251533529517,True,False,False
Nd,3.80%,38.857715430861724,41.743486973947896,40.300601202404806,2.8857715430861717,34.02753406834958,205879.03809591284,True,False,False
Nd,4.00%,40.66132264529058,45.17034068136273,42.91583166332666,4.509018036072149,53.235903467543906,6696.739311436631,True,False,False
Nd,4.20%,39.75951903807615,44.448897795591186,42.10420841683367,4.689378757515037,51.039533370226586,4214.4624229983165,True,False,False
Nd,4.40%,40.120240480961925,44.98997995991984,42.55511022044088,4.869739478957918,49.033889082656955,2595.1397779765425,True,False,False
Nd,4.60%,39.57915831663327,44.98997995991984,42.28456913827655,5.410821643286575,51.03580290150641,676.7508432877521,True,False,True
Nd,4.80%,39.57915831663327,44.98997995991984,42.28456913827655,5.410821643286575,52.113750801407896,676.7508432877521,True,False,True
Nd,5.00%,36.873747494989985,40.120240480961925,38.496993987975955,3.2464929859719405,44.11233415192984,107608.69107482185,True,False,False
Li,0.20%,40.66132264529058,47.33466933867736,43.99799599198397,6.673346693386776,54.07031783554212,256.2821979214545,True,False,True
Li,0.40%,42.10420841683367,48.95791583166333,45.5310621242485,6.853707414829657,56.875298688031336,209.3806024630532,True,False,True
Li,0.60%,41.38276553106213,47.515030060120246,44.448897795591186,6.132264529058119,44.05992529343499,254.0834177734091,True,False,True
Li,0.80%,40.120240480961925,46.07214428857716,43.09619238476954,5.951903807615231,52.65697981969119,318.7288048891097,True,False,True
Li,1.00%,40.4809619238477,48.236472945891784,44.358717434869746,7.755511022044082,53.822176304485666,244.64973844899237,True,False,True
Li,1.20%,37.9559118236473,44.2685370741483,41.1122244488978,6.312625250501,45.11834908310807,360.69902380973815,True,False,True
Li,1.40%,38.677354709418836,44.629258517034074,41.653306613226455,5.951903807615238,45.4994192497969,369.59125122466526,True,False,True
Li,1.60%,37.41482965931864,43.90781563126253,40.66132264529058,6.492985971943888,44.5385066101553,375.0419510525936,True,False,True
Li,1.80%,37.41482965931864,43.186372745490985,40.30060120240481,5.771543086172343,49.51958581934968,467.73147890432676,True,False,True
Li,2.00%,35.430861723446895,39.21843687374749,37.324649298597194,3.787575150300597,37.14529318801652,36593.74279958919,True,False,False
Li,2.20%,34.88977955911824,37.9559118236473,36.42284569138277,3.0661322645290596,35.13772287353252,149925.3625091581,True,False,False
Li,2.40%,35.611222444889776,38.31663326653307,36.96392785571142,2.705410821643291,36.022130447311596,279792.2507611129,True,False,False
Li,2.60%,34.88977955911824,38.13627254509018,36.51302605210421,3.2464929859719405,33.80346873720669,107697.94975249784,True,False,False
Li,2.80%,34.88977955911824,38.677354709418836,36.78356713426854,3.787575150300597,37.936887470266086,36618.5740251666,True,False,False
Li,3.00%,38.13627254509018,44.08817635270541,41.11222444889779,5.951903807615231,50.19265649356815,389.7381582652007,True,False,True
Li,3.20%,37.59519038076152,41.20240480961924,39.39879759519038,3.6072144288577164,46.526701528491714,53157.576567671385,True,False,False
Li,3.40%,37.41482965931864,43.547094188376754,40.4809619238477,6.132264529058112,48.081017751075436,393.2394854197242,True,False,True
Li,3.60%,37.77555110220441,43.186372745490985,40.4809619238477,5.410821643286575,42.84040464025046,743.9072000895317,True,False,True
Li,3.80%,37.77555110220441,42.28456913827655,40.03006012024048,4.509018036072142,50.879133146793016,6803.669002482171,True,False,False
Li,4.00%,40.120240480961925,45.71142284569139,42.91583166332666,5.5911823647294625,64.36023904203782,468.11328210569314,True,False,True
Li,4.20%,39.03807615230461,44.98997995991984,42.014028056112224,5.951903807615231,59.22664822262074,356.4852797627046,True,False,True
Li,4.40%,39.21843687374749,44.809619238476955,42.014028056112224,5.5911823647294625,59.14349774712113,499.73966111621934,True,False,True
Li,4.60%,39.57915831663327,46.432865731462925,43.0060120240481,6.853707414829657,52.521958491016356,288.8260665374947,True,False,True
Li,4.80%,39.03807615230461,44.98997995991984,42.014028056112224,5.951903807615231,61.94216525073817,356.4852797627046,True,False,True
Li,5.00%,35.97194388777555,40.120240480961925,38.04609218436874,4.148296593186373,42.16606504998234,16408.631780998403,True,False,False
Cr,0.20%,47.15430861723447,50.04008016032064,48.59719438877755,2.8857715430861717,192.0053771548188,205620.99575873348,True,False,False
Cr,0.40%,48.0561122244489,51.12224448897796,49.58917835671343,3.0661322645290596,200.69026952868182,149477.86551115406,True,False,False
Cr,0.60%,47.15430861723447,50.04008016032064,48.59719438877755,2.8857715430861717,179.96718465320242,205620.99575873348,True,False,False
Cr,0.80%,46.432865731462925,49.67935871743487,48.056112224448896,3.2464929859719476,183.00027354677388,107288.96826246222,True,False,False
Cr,1.00%,46.61322645290581,49.318637274549104,47.96593186372746,2.705410821643291,117.21843445659351,279406.4089371845,True,False,False
Cr,1.20%,45.5310621242485,47.69539078156313,46.61322645290581,2.164328657314627,175.5713537660852,657099.3303091542,True,False,False
Cr,1.40%,45.17034068136273,48.0561122244489,46.61322645290582,2.8857715430861717,157.99625270395697,205670.17748892732,True,False,False
Cr,1.60%,44.98997995991984,47.69539078156313,46.342685370741485,2.7054108216432837,174.81855154767922,279448.1123841619,True,False,False
Cr,1.80%,44.629258517034074,46.7935871743487,45.71142284569139,2.164328657314627,153.5771283866494,657124.2880402477,True,False,False
Cr,2.00%,39.939879759519044,42.10420841683367,41.02204408817636,2.164328657314627,137.39591406127423,657280.2874137443,True,False,False
Cr,2.20%,39.75951903807615,42.10420841683367,40.93186372745491,2.344689378757522,189.96961333709464,499292.5417388949,True,False,False
Cr,2.40%,39.939879759519044,42.46492985971944,41.20240480961924,2.5250501002003958,167.80201878556926,375593.83781099593,True,False,False
Cr,2.60%,39.39879759519039,41.92384769539078,40.66132264529058,2.5250501002003958,165.28173482878776,375614.4726678841,True,False,False
Cr,2.80%,39.39879759519039,41.92384769539078,40.66132264529058,2.5250501002003958,198.8901101461885,375614.4726678841,True,False,False
Cr,3.00%,44.98997995991984,47.515030060120246,46.252505010020045,2.525050100200403,135.51016510818374,375429.48184454977,True,False,False
Cr,3.20%,43.186372745490985,46.07214428857716,44.629258517034074,2.8857715430861717,185.19854396394223,205727.23147666233,True,False,False
Cr,3.40%,44.629258517034074,47.15430861723447,45.89178356713427,2.5250501002003958,185.63125011795327,375439.52999697113,True,False,False
Cr,3.60%,44.448897795591186,46.97394789579159,45.71142284569139,2.525050100200403,193.26235890843122,375444.6516631449,True,False,False
Cr,3.80%,43.36673346693387,46.432865731462925,44.8997995991984,3.0661322645290525,190.10307641318875,149597.49635601204,True,False,False
Cr,4.00%,46.432865731462925,49.67935871743487,48.056112224448896,3.2464929859719476,191.07188385893068,107288.96826246222,True,False,False
Cr,4.20%,45.71142284569139,48.59719438877756,47.15430861723448,2.8857715430861717,270.89052066101664,205655.9835700274,True,False,False
Cr,4.40%,46.07214428857716,48.77755511022044,47.4248496993988,2.7054108216432837,237.82657210091497,279419.72454636206,True,False,False
Cr,4.60%,45.71142284569139,48.236472945891784,46.97394789579158,2.5250501002003958,254.6914503194807,375410.1662594761,True,False,False
Cr,4.80%,45.35070140280561,48.0561122244489,46.703406813627254,2.705410821643291,256.08985416502105,279438.3895316399,True,False,False
Cr,5.00%,41.743486973947896,43.72745490981964,42.73547094188377,1.9839679358717461,118.39944980275591,857364.0428047595,True,False,False
Y,0.20%,41.92384769539078,48.95791583166333,45.44088176352706,7.034068136272545,38.513175435729906,211.97014498078084,True,False,True
Y,0.40%,43.36673346693387,49.67935871743487,46.52304609218437,6.312625250501,44.422346936049024,185.579245174311,True,False,True
Y,0.60%,42.28456913827655,49.498997995991985,45.89178356713427,7.214428857715433,35.33460964175257,199.0418151463393,True,False,True
Y,0.80%,42.10420841683367,49.318637274549104,45.71142284569139,7.214428857715433,42.243068425534915,204.16348132438662,True,False,True
Y,1.00%,41.563126252505015,48.77755511022044,45.17034068136273,7.214428857715426,30.80577447505829,219.91883973660183,True,False,True
Y,1.20%,40.30060120240481,47.515030060120246,43.90781563126253,7.214428857715433,24.588557771924425,258.9584419871952,True,False,True
Y,1.40%,41.02204408817636,48.0561122244489,44.53907815631263,7.034068136272545,30.731500602256073,239.04232541379127,True,False,True
Y,1.60%,40.30060120240481,47.875751503006015,44.08817635270542,7.5751503006012015,27.001824284931132,253.18613178362037,True,False,True
Y,1.80%,39.75951903807615,47.515030060120246,43.637274549098194,7.755511022044097,26.42158177867121,267.73880234833445,True,False,True
Y,2.00%,38.496993987975955,44.629258517034074,41.563126252505015,6.132264529058119,19.82259709440451,352.16495158251024,True,False,True
Y,2.20%,38.13627254509018,43.72745490981964,40.93186372745491,5.5911823647294625,14.354738978564503,539.8382952582508,True,False,True
Y,2.40%,38.496993987975955,44.2685370741483,41.38276553106213,5.771543086172343,16.768159496147916,426.26658518904054,True,False,True
Y,2.60%,38.13627254509018,44.08817635270541,41.11222444889779,5.951903807615231,16.362318067423672,389.7381582652007,True,False,True
Y,2.80%,38.13627254509018,43.90781563126253,41.02204408817636,5.7715430861723505,15.238146902287697,439.82797650875136,True,False,True
Y,3.00%,40.4809619238477,47.515030060120246,43.99799599198397,7.034068136272545,26.209668658883743,256.066353429743,True,False,True
Y,3.20%,40.120240480961925,47.33466933867736,43.72745490981964,7.214428857715433,21.727781778163514,264.79576794170947,True,False,True
Y,3.40%,40.66132264529058,47.15430861723447,43.90781563126252,6.492985971943888,24.73362044401922,260.0159069804816,True,False,True
Y,3.60%,40.30060120240481,47.33466933867736,43.81763527054109,7.034068136272545,23.584865237075352,261.87114939441767,True,False,True
Y,3.80%,40.120240480961925,47.33466933867736,43.72745490981964,7.214428857715433,22.284132615136997,264.79576794170947,True,False,True
Y,4.00%,42.10420841683367,49.138276553106216,45.62124248496994,7.034068136272545,63.98217967089692,206.75088883321533,True,False,True
Y,4.20%,40.84168336673347,48.236472945891784,44.53907815631263,7.394789579158314,46.25593745186919,239.04010427162245,True,False,True
Y,4.40%,41.563126252505015,48.77755511022044,45.17034068136273,7.214428857715426,51.14220177612576,219.91883973660183,True,False,True
Y,4.60%,41.563126252505015,48.77755511022044,45.17034068136273,7.214428857715426,52.24766852472814,219.91883973660183,True,False,True
Y,4.80%,40.84168336673347,48.236472945891784,44.53907815631263,7.394789579158314,49.74301264661229,239.04010427162245,True,False,True
Y,5.00%,39.03807615230461,45.71142284569139,42.374749498998,6.673346693386776,26.316696278952264,310.86752087196464,True,False,True
Nb,0.20%,42.10420841683367,45.5310621242485,43.81763527054109,3.4268537074148284,101.71022594493056,76021.8869215135,True,False,False
Nb,0.40%,42.825651302605216,46.7935871743487,44.809619238476955,3.967935871743485,96.79969261424073,24453.787332100197,True,False,False
Nb,0.60%,42.10420841683367,46.07214428857716,44.08817635270542,3.967935871743485,89.20568097377179,24476.22579620275,True,False,False
Nb,0.80%,41.563126252505015,45.17034068136273,43.36673346693387,3.6072144288577164,102.65019292672311,53009.832582707466,True,False,False
Nb,1.00%,41.38276553106213,44.629258517034074,43.006012024048104,3.2464929859719476,73.43042037606543,107435.10743459406,True,False,False
Nb,1.20%,39.39879759519039,42.64529058116233,41.02204408817636,3.2464929859719405,76.05539956957314,107506.47461785983,True,False,False
Nb,1.40%,39.57915831663327,43.36673346693387,41.47294589178357,3.7875751503006043,72.14332887242537,36422.82300408581,True,False,False
Nb,1.60%,39.21843687374749,42.28456913827655,40.75150300601202,3.0661322645290596,70.30851127537582,149739.9849403933,True,False,False
Nb,1.80%,39.03807615230461,41.92384769539078,40.4809619238477,2.8857715430861717,81.51772557015089,205871.96463034445,True,False,False
Nb,2.00%,37.234468937875754,39.03807615230461,38.13627254509018,1.8036072144288582,104.91057470953916,1109140.6857664043,True,False,False
Nb,2.20%,36.873747494989985,38.677354709418836,37.77555110220441,1.803607214428851,50.16794656588828,1109156.5893170035,True,False,False
Nb,2.40%,36.15230460921844,39.21843687374749,37.68537074148297,3.0661322645290525,79.43329122896935,149867.4229828127,True,False,False
Nb,2.60%,36.15230460921844,38.857715430861724,37.50501002004008,2.7054108216432837,70.97089160104859,279767.6147154778,True,False,False
Nb,2.80%,36.15230460921844,38.857715430861724,37.50501002004008,2.7054108216432837,65.28868108910262,279767.6147154778,True,False,False
Nb,3.00%,39.57915831663327,43.0060120240481,41.292585170340686,3.4268537074148284,79.84539472786174,76109.98536288523,True,False,False
Nb,3.20%,38.677354709418836,41.743486973947896,40.210420841683366,3.0661322645290596,91.88159582643821,149761.10774712902,True,False,False
Nb,3.40%,39.39879759519039,42.28456913827655,40.84168336673347,2.8857715430861646,88.24378944445543,205858.01287914917,True,False,False
Nb,3.60%,39.57915831663327,43.186372745490985,41.38276553106213,3.6072144288577164,80.03142325237128,53079.76844641886,True,False,False
Nb,3.80%,39.03807615230461,42.46492985971944,40.75150300601203,3.4268537074148284,87.54790370377188,76130.52262980383,True,False,False
Nb,4.00%,41.02204408817636,44.448897795591186,42.735470941883776,3.4268537074148284,104.09490179768893,76058.08195687481,True,False,False
Nb,4.20%,39.939879759519044,43.36673346693387,41.65330661322646,3.4268537074148284,118.21327959347342,76096.61915150455,True,False,False
Nb,4.40%,40.30060120240481,43.547094188376754,41.92384769539078,3.2464929859719405,108.16904557847973,107473.05908940814,True,False,False
Nb,4.60%,40.4809619238477,43.547094188376754,42.014028056112224,3.0661322645290525,102.62889330266644,149692.97549063398,True,False,False
Nb,4.80%,39.939879759519044,43.36673346693387,41.65330661322646,3.4268537074148284,116.79665588596535,76096.61915150455,True,False,False
Nb,5.00%,37.77555110220441,39.39879759519039,38.5871743486974,1.6232464929859773,113.44083037048517,1423114.1863847126,True,False,False
Nb,5.20%,36.15230460921844,38.31663326653307,37.234468937875754,2.164328657314627,104.97921542232505,657438.3940076936,True,False,False
Nb,5.40%,37.054108216432866,39.57915831663327,38.31663326653307,2.525050100200403,125.19751092794293,375710.65661894827,True,False,False
Nb,5.60%,37.234468937875754,39.03807615230461,38.13627254509018,1.8036072144288582,126.83677008426889,1109140.6857664043,True,False,False
Nb,5.80%,36.15230460921844,38.857715430861724,37.50501002004008,2.7054108216432837,124.3397579089624,279767.6147154778,True,False,False
Nb,6.00%,40.120240480961925,43.72745490981964,41.92384769539078,3.6072144288577164,97.42806422659987,53059.914309286876,True,False,False
Ta,0.20%,38.31663326653307,42.64529058116233,40.4809619238477,4.328657314629261,20.18684492533857,10612.63599090673,True,False,False
Ta,0.40%,39.39879759519039,43.90781563126253,41.65330661322646,4.509018036072142,100.41781545151885,6741.471661909241,True,False,False
Ta,0.60%,38.496993987975955,42.64529058116233,40.57114228456914,4.148296593186373,20.488331432541436,16304.138224747625,True,False,False
Ta,0.80%,38.31663326653307,42.64529058116233,40.4809619238477,4.328657314629261,25.126320748447128,10612.63599090673,True,False,False
Ta,1.00%,38.13627254509018,42.10420841683367,40.120240480961925,3.9679358717434923,15.541657049475372,24618.24450295454,True,False,False
Ta,1.20%,36.873747494989985,40.120240480961925,38.496993987975955,3.2464929859719405,8.558253701314738,107608.69107482185,True,False,False
Ta,1.40%,36.873747494989985,40.30060120240481,38.5871743486974,3.4268537074148284,9.715733583964841,76218.52709564935,True,False,False
Ta,1.60%,36.51302605210421,39.39879759519039,37.9559118236473,2.885771543086179,8.569468007343293,205976.91360645043,True,False,False
Ta,1.80%,36.33266533066133,38.677354709418836,37.50501002004008,2.344689378757508,7.4643821081433055,499434.972492196,True,False,False
Ta,2.00%,35.97194388777555,37.77555110220441,36.873747494989985,1.8036072144288582,6.316495167250776,1109197.486743107,True,False,False
Ta,2.20%,35.07014028056112,36.33266533066133,35.701402805611224,1.2625250501002085,4.938344465458022,2291830.0700628227,True,False,False
Ta,2.40%,35.611222444889776,36.6933867735471,36.15230460921843,1.0821643286573206,5.435883071762377,2878687.68500847,True,False,False
Ta,2.60%,35.611222444889776,36.33266533066133,35.97194388777555,0.7214428857715518,5.043682551808521,4458146.375201599,True,False,False
Ta,2.80%,35.611222444889776,36.51302605210421,36.06212424849699,0.9018036072144326,5.146770381340926,3593115.4351721834,True,False,False
Ta,3.00%,37.59519038076152,39.939879759519044,38.76753507014028,2.344689378757522,9.039928464330462,499379.76548498427,True,False,False
Ta,3.20%,36.51302605210421,38.857715430861724,37.68537074148297,2.344689378757515,7.522300724625867,499426.8905969371,True,False,False
Ta,3.40%,36.873747494989985,40.120240480961925,38.496993987975955,3.2464929859719405,8.77418405406882,107608.69107482185,True,False,False
Ta,3.60%,36.873747494989985,39.39879759519039,38.136272545090186,2.525050100200403,8.11370682958561,375718.5108042728,True,False,False
Ta,3.80%,36.873747494989985,39.57915831663327,38.22645290581163,2.7054108216432837,8.281582568253604,279735.67749434215,True,False,False
Ta,4.00%,37.77555110220441,41.743486973947896,39.75951903807615,3.967935871743485,18.149571443067284,24632.71673399015,True,False,False
Ta,4.20%,36.873747494989985,40.66132264529058,38.76753507014028,3.787575150300597,12.233380765164114,36530.388837155304,True,False,False
Ta,4.40%,37.234468937875754,41.02204408817636,39.12825651302606,3.7875751503006043,13.388158420792578,36515.200946343066,True,False,False
Ta,4.60%,37.234468937875754,41.02204408817636,39.12825651302606,3.7875751503006043,12.902143050788437,36515.200946343066,True,False,False
Ta,4.80%,37.234468937875754,41.02204408817636,39.12825651302606,3.7875751503006043,13.749107208184883,36515.200946343066,True,False,False
Ta,5.00%,36.15230460921844,38.13627254509018,37.14428857715431,1.983967935871739,7.051075802679241,857588.3623858141,True,False,False
W,0.20%,34.88977955911824,40.4809619238477,37.68537074148297,5.5911823647294625,193.36217409517565,674.1871532949654,True,False,True
W,0.40%,36.33266533066133,43.36673346693387,39.8496993987976,7.034068136272545,179.45703849344966,406.03683547599985,True,False,True
W,0.60%,34.88977955911824,40.4809619238477,37.68537074148297,5.5911823647294625,121.5055026145937,674.1871532949654,True,False,True
W,0.80%,33.987975951903806,40.120240480961925,37.054108216432866,6.132264529058119,161.94493731585166,538.7605877446142,True,False,True
W,1.00%,33.44689378757515,38.496993987975955,35.97194388777555,5.050100200400806,152.34879737763853,1875.0841528025105,True,False,True
W,1.20%,31.643286573146295,34.52905811623246,33.08617234468938,2.885771543086168,38.754528361774625,206215.32590198718,True,False,False
W,1.40%,32.00400801603207,36.33266533066133,34.1683366733467,4.328657314629261,178.64736000817234,10898.917973710013,True,False,False
W,1.60%,31.102204408817638,34.168336673346694,32.635270541082164,3.066132264529056,29.81939425979724,150118.30872222647,True,False,False
W,1.80%,31.102204408817638,33.987975951903806,32.545090180360724,2.885771543086168,33.01576688716039,206244.7438561319,True,False,False
W,2.00%,30.92184368737475,32.184368737474955,31.55310621242485,1.262525050100205,11.627833979101823,2292048.874003379,True,False,False
Ru,0.20%,38.31663326653307,41.92384769539078,40.120240480961925,3.6072144288577164,67.7292628584383,53128.37186568224,True,False,False
Ru,0.40%,39.03807615230461,42.64529058116233,40.84168336673347,3.6072144288577164,65.26514118206457,53100.20812336795,True,False,False
Ru,0.60%,38.857715430861724,42.10420841683367,40.4809619238477,3.2464929859719476,55.77278607688661,107527.30465468555,True,False,False
Ru,0.80%,38.13627254509018,41.743486973947896,39.93987975951904,3.6072144288577164,65.98563616555961,53135.57545121,True,False,False
Ru,1.00%,37.59519038076152,41.02204408817636,39.30861723446894,3.4268537074148355,48.10077750276867,76188.15131402494,True,False,False
Ru,1.20%,36.15230460921844,38.31663326653307,37.234468937875754,2.164328657314627,16.054366140818207,657438.3940076936,True,False,False
Ru,1.40%,36.51302605210421,38.677354709418836,37.59519038076152,2.164328657314627,19.824619259458775,657422.1000972274,True,False,False
Ru,1.60%,36.15230460921844,38.496993987975955,37.324649298597194,2.344689378757515,16.84379933690475,499443.1194474236,True,False,False
Ru,1.80%,36.33266533066133,37.9559118236473,37.14428857715431,1.6232464929859702,15.247254351104413,1423178.0608269977,True,False,False
Ru,2.00%,35.250501002004015,36.51302605210421,35.88176352705411,1.2625250501001943,11.102315557791712,2291821.337567814,True,False,False
Ru,2.20%,34.70941883767536,35.07014028056112,34.88977955911824,0.3607214428857617,6.9415604721203366,6749555.791081041,True,False,False
Ru,2.40%,35.07014028056112,35.97194388777555,35.521042084168336,0.9018036072144326,9.025226396895365,3593141.632657334,True,False,False
Ru,2.60%,35.07014028056112,35.97194388777555,35.521042084168336,0.9018036072144326,9.045746562589454,3593141.632657334,True,False,False
Ru,2.80%,35.07014028056112,35.79158316633267,35.430861723446895,0.7214428857715518,9.238135940126728,4458172.670276719,True,False,False
Ru,3.00%,36.6933867735471,39.21843687374749,37.9559118236473,2.5250501002003958,20.06883474997266,375726.43004958134,True,False,False
Ru,3.20%,36.33266533066133,37.9559118236473,37.14428857715431,1.6232464929859702,13.291237310209707,1423178.0608269977,True,False,False
Ru,3.40%,36.51302605210421,38.496993987975955,37.50501002004008,1.9839679358717461,16.424631837220993,857572.0034153594,True,False,False
Ru,3.60%,36.51302605210421,38.677354709418836,37.59519038076152,2.164328657314627,16.930985019262632,657422.1000972274,True,False,False
Ru,3.80%,36.51302605210421,38.496993987975955,37.50501002004008,1.9839679358717461,16.991336838779016,857572.0034153594,True,False,False
Ru,4.00%,37.41482965931864,40.84168336673347,39.12825651302606,3.4268537074148284,83.11515641311156,76195.64766946231,True,False,False
Ru,4.20%,36.6933867735471,39.21843687374749,37.9559118236473,2.5250501002003958,32.14699977403952,375726.43004958134,True,False,False
Ru,4.40%,36.873747494989985,39.39879759519039,38.136272545090186,2.525050100200403,34.75312489932728,375718.5108042728,True,False,False
Ru,4.60%,36.873747494989985,39.75951903807615,38.31663326653307,2.8857715430861646,39.4674748541916,205961.1401758267,True,False,False
Ru,4.80%,36.873747494989985,39.39879759519039,38.136272545090186,2.525050100200403,39.9384728665146,375718.5108042728,True,False,False
Ru,5.00%,35.611222444889776,36.6933867735471,36.15230460921843,1.0821643286573206,13.460537202309196,2878687.68500847,True,False,False
B,0.20%,38.677354709418836,47.15430861723447,42.91583166332666,8.476953907815634,95.43884563205776,292.6986443744911,True,False,True
B,0.40%,41.02204408817636,50.04008016032064,45.5310621242485,9.018036072144284,94.31794229699078,237.55065831085875,True,False,True
B,0.60%,39.03807615230461,48.59719438877756,43.81763527054109,9.559118236472948,83.6731554122542,585.0532464055574,True,False,True
B,0.80%,37.9559118236473,47.875751503006015,42.91583166332666,9.919839679358716,101.97625460730157,1467.5586078124368,True,False,True
B,1.00%,37.41482965931864,47.875751503006015,42.64529058116233,10.460921843687373,90.00846744386823,6208.846738440439,True,False,False
B,1.20%,34.70941883767536,38.13627254509018,36.42284569138277,3.4268537074148213,102.67230030478568,76315.90019856968,True,False,False
B,1.40%,35.79158316633267,39.39879759519039,37.59519038076153,3.6072144288577164,121.21989428589222,53235.14252122177,True,False,False
B,1.60%,34.70941883767536,37.9559118236473,36.33266533066133,3.2464929859719405,78.05984882882808,107706.45453761918,True,False,False
B,1.80%,34.88977955911824,38.13627254509018,36.51302605210421,3.2464929859719405,98.41978046982474,107697.94975249784,True,False,False
B,2.00%,33.62725450901804,35.250501002004015,34.43887775551103,1.6232464929859773,79.94421101644433,1423309.0482527371,True,False,False
B,2.20%,33.08617234468938,34.34869739478958,33.71743486973948,1.2625250501002014,100.56416960354885,2291930.4214670546,True,False,False
B,2.40%,32.90581162324649,35.250501002004015,34.078156312625254,2.344689378757522,98.63383791720193,499600.8898981392,True,False,False
B,2.60%,32.90581162324649,34.70941883767536,33.807615230460925,1.8036072144288653,93.80419742613944,1109348.7042080862,True,False,False
B,2.80%,32.90581162324649,34.88977955911824,33.897795591182366,1.9839679358717461,95.24182910855747,857747.3039161606,True,False,False
B,3.00%,35.79158316633267,39.21843687374749,37.50501002004008,3.4268537074148213,83.74303465351342,76266.04256747583,True,False,False
B,3.20%,34.52905811623246,37.77555110220441,36.15230460921843,3.2464929859719476,92.68404566396343,107715.02438271877,True,False,False
B,3.40%,35.79158316633267,39.21843687374749,37.50501002004008,3.4268537074148213,90.88737957646318,76266.04256747583,True,False,False
B,3.60%,35.250501002004015,38.857715430861724,37.054108216432866,3.6072144288577093,59.42820832399412,53259.680976891395,True,False,False
B,3.80%,35.07014028056112,38.677354709418836,36.87374749498998,3.6072144288577164,93.72695469744525,53267.99058207293,True,False,False
B,4.00%,38.31663326653307,44.98997995991984,41.653306613226455,6.673346693386776,171.2293640880042,336.8192238771735,True,False,True
B,4.20%,37.234468937875754,40.66132264529058,38.947895791583164,3.4268537074148284,155.42510183589658,76203.20908487831,True,False,False
B,4.40%,37.59519038076152,43.72745490981964,40.66132264529058,6.132264529058119,126.7082488235823,386.2310798309913,True,False,True
B,4.60%,37.054108216432866,43.72745490981964,40.390781563126254,6.673346693386776,125.79949231563839,384.73951335392263,True,False,True
B,4.80%,36.873747494989985,40.84168336673347,38.85771543086173,3.967935871743485,140.42019438141122,24670.03586122257,True,False,False
B,5.00%,33.807615230460925,35.250501002004015,34.52905811623247,1.4428857715430894,87.84943003925139,1812514.9183300224,True,False,False
Gd,0.20%,41.38276553106213,47.69539078156313,44.53907815631263,6.312625250501,39.761531936550575,242.9910627975335,True,False,True
Gd,0.40%,42.64529058116233,49.318637274549104,45.981963927855716,6.673346693386776,42.761495874082016,196.72340096883175,True,False,True
Gd,0.60%,41.38276553106213,48.0561122244489,44.719438877755515,6.673346693386776,35.523291677474155,233.71361385954305,True,False,True
Gd,0.80%,40.84168336673347,47.33466933867736,44.08817635270542,6.492985971943888,40.924676674884026,254.24364100564583,True,False,True
Gd,1.00%,40.66132264529058,47.33466933867736,43.99799599198397,6.673346693386776,33.7987835718611,256.2821979214545,True,False,True
Gd,1.20%,38.13627254509018,44.2685370741483,41.20240480961924,6.132264529058119,37.5806779255199,365.59622294286635,True,False,True
Gd,1.40%,39.03807615230461,45.17034068136273,42.10420841683367,6.132264529058119,40.202845123833896,332.50599438956726,True,False,True
Gd,1.60%,38.677354709418836,44.2685370741483,41.47294589178357,5.5911823647294625,35.492762732322916,519.4962082786806,True,False,True
Gd,1.80%,37.9559118236473,43.547094188376754,40.75150300601203,5.591182364729455,37.66704416918774,546.7491108774703,True,False,True
Gd,2.00%,36.33266533066133,39.39879759519039,37.86573146292586,3.0661322645290596,19.161142068278547,149859.40614753705,True,False,False
Gd,2.20%,35.97194388777555,38.857715430861724,37.41482965931864,2.8857715430861717,13.623544297758615,206001.06170224375,True,False,False
Gd,2.40%,36.33266533066133,40.120240480961925,38.22645290581163,3.787575150300597,16.171154617845538,36553.65862322042,True,False,False
Gd,2.60%,35.611222444889776,38.857715430861724,37.23446893787575,3.2464929859719476,14.672263334260533,107664.58121180782,True,False,False
Gd,2.80%,35.97194388777555,39.57915831663327,37.77555110220441,3.6072144288577164,14.115352866709303,53227.09315595818,True,False,False
Gd,3.00%,39.21843687374749,44.2685370741483,41.743486973947896,5.050100200400806,35.326380175073105,1631.036940140714,True,False,True
Gd,3.20%,38.31663326653307,42.825651302605216,40.57114228456914,4.509018036072149,35.51797187541679,6782.351015807297,True,False,False
Gd,3.40%,38.857715430861724,43.36673346693387,41.1122244488978,4.509018036072149,36.23570466469559,6761.618568949653,True,False,False
Gd,3.60%,38.677354709418836,44.08817635270541,41.38276553106212,5.410821643286575,32.4674082941559,709.5157719426572,True,False,True
Gd,3.80%,38.31663326653307,42.28456913827655,40.300601202404806,3.967935871743485,37.00758693537349,24611.10597740684,True,False,False
Gd,4.00%,41.20240480961924,47.33466933867736,44.2685370741483,6.132264529058119,44.69521633431553,259.72556378888703,True,False,True
Gd,4.20%,39.57915831663327,44.809619238476955,42.19438877755511,5.230460921843687,46.873893328315766,1020.9241591300286,True,False,True
Gd,4.40%,39.75951903807615,45.5310621242485,42.64529058116233,5.7715430861723505,49.0442174396265,380.8511049299224,True,False,True
Gd,4.60%,40.120240480961925,44.809619238476955,42.46492985971944,4.68937875751503,45.543428271922224,4201.681751434828,True,False,False
Gd,4.80%,39.57915831663327,44.809619238476955,42.19438877755511,5.230460921843687,48.09936991882215,1020.9241591300286,True,False,True
Gd,5.00%,36.6933867735471,40.4809619238477,38.5871743486974,3.7875751503006043,42.35050801519652,36538.080372530116,True,False,False
Fe,0.20%,37.77555110220441,39.939879759519044,38.85771543086173,2.164328657314634,128.83202475252466,657367.1207999485,True,False,False
Fe,0.40%,38.13627254509018,41.02204408817636,39.57915831663327,2.885771543086179,124.93103344029518,205907.98255798075,True,False,False
Fe,0.60%,37.9559118236473,39.939879759519044,38.94789579158317,1.9839679358717461,85.5710710716333,857509.169932763,True,False,False
Fe,0.80%,37.41482965931864,39.03807615230461,38.22645290581163,1.6232464929859702,132.51462283196065,1423129.7646354162,True,False,False
Fe,1.00%,37.054108216432866,39.03807615230461,38.04609218436874,1.9839679358717461,82.44338997736871,857547.9529095382,True,False,False
Fe,1.20%,35.79158316633267,37.59519038076152,36.6933867735471,1.803607214428851,63.27275024286949,1109205.8614082802,True,False,False
Fe,1.40%,36.33266533066133,38.13627254509018,37.234468937875754,1.803607214428851,96.98003003325732,1109180.9325927333,True,False,False
Fe,1.60%,35.79158316633267,37.59519038076152,36.6933867735471,1.803607214428851,74.50767726246279,1109205.8614082802,True,False,False
Fe,1.80%,35.07014028056112,37.234468937875754,36.15230460921843,2.164328657314634,69.45650109417994,657488.8371785975,True,False,False
Fe,2.00%,34.168336673346694,34.88977955911824,34.52905811623246,0.7214428857715447,29.95435683285965,4458217.796601551,True,False,False
Mo,0.20%,43.186372745490985,52.565130260521045,47.875751503006015,9.37875751503006,614.2809740425123,302.22389480990887,True,False,True
Mo,0.40%,44.08817635270541,53.28657314629259,48.687374749499,9.198396793587179,507.35490226091264,197.20851224460344,True,False,True
Mo,0.60%,43.72745490981964,52.565130260521045,48.14629258517034,8.837675350701403,361.10240081632924,150.7623133274293,True,False,True
Mo,0.80%,43.0060120240481,52.74549098196393,47.875751503006015,9.739478957915836,422.3980116136883,779.6654319270705,True,False,True
Mo,1.00%,42.28456913827655,52.74549098196393,47.51503006012024,10.46092184368738,274.3402865386612,6063.535273827962,True,False,False
Mo,1.20%,38.13627254509018,50.40080160320642,44.2685370741483,12.264529058116239,506.1138023523545,265805.75452048134,True,False,False
Mo,1.40%,39.57915831663327,51.66332665330662,45.62124248496994,12.08416833667335,463.253678384317,195229.13081177152,True,False,False
Mo,1.60%,38.13627254509018,50.76152304609219,44.44889779559118,12.625250501002007,305.4557785315039,476366.6048180147,True,False,False
Mo,1.80%,37.9559118236473,49.318637274549104,43.6372745490982,11.362725450901806,300.14147325797893,49829.95623465252,True,False,False
Mo,2.00%,36.15230460921844,44.629258517034074,40.390781563126254,8.476953907815634,382.5175950313017,385.3512843237283,True,False,True
